X2,X6,X10,X14,X18,X22,X26,X30,X34,X38,X42,X46,X50,X54,X58,X62,X66,X70,X74,X78,X82,X86,X90,X94,X97,X98,X101,X102,X105,X109,X113,X117,X122,X126,X128,MGMT_NUM
0.0,0,0.0,0.0,0.0,0.0,0.0,,0.03600823,0.0,0.014553015,0.055561875,0.0,0.0,0.0,0.0,0,0.0,0.010869565,0.047619048,0.150642857,0.0,0.0,0.0,0.0,0.0,0,0.0,0,0.0,0.0,0.0,0.052043976,N,0.580645161,22745078
0.0,0,0.0,0.0,0.0,0.0,0.0,,0.03600823,0.0,0.014553015,0.231258765,0.0,0.0,0.0,0.002684272,0,0.0,0.003623188,0.051369048,0.147109635,0.0,0.0,0.0,0.0,0.0,0,0.0,0,0.0,0.0,0.0,0.197217736,N,0.543010753,23631722
0.0,0,0.0,0.0,0.013690946,0.0,0.0,,0.137860082,0.0,0.043659044,0.263467179,0.0,0.0,0.0,0.012912721,0,0.0,0.018115942,0.047619048,0.156644518,0.0,0.0,0.029827789,0.0,0.0,0,0.0,0,0.0,0.0,0.018108678,0.260189795,N,0.306451613,27613457
0.0,0,0.0,0.0,0.0,0.0,0.0,,0.108024691,0.0,0.027027027,0.040035468,0.0,0.0,0.0,0.011344324,0,0.0,0.028985507,0.053571429,0.174086379,0.027272727,0.0,0.0,0.0,0.0,0,0.0,0,0.0,0.0,0.02586954,0.074053893,Y,0.333333333,27241086
0.0,0,0.0,0.0,0.0,0.0,0.0,,0.03600823,0.0,0.022869023,0.104980085,0.0,0.0,0.0,0.0,0,0.0,0.003623188,0.047619048,0.147259136,0.0,0.0,0.0,0.0,0.0,0,0.0,0,0.0,0.0,0.0,0.160865078,N,0.607526882,22210116
0.777777778,0,0.0,0.0,0.024140638,0.0,0.0,,0.03600823,0.0,0.056133056,0.065550098,0.0,0.0,0.0,0.007741781,0,0.0,0.025362319,0.077380952,0.166611296,0.0,0.0,0.0,0.0,0.0,0,0.0,0,0.0,0.0,0.0,0.061952404,N,0.048387097,32429072
0.0,0,0.0,0.0,0.0,0.0,0.0,,0.03600823,0.0,0.027027027,0.181072713,0.0,0.0,0.0,0.005344895,0,0.0,0.018115942,0.047619048,0.161627907,0.0,0.0,0.0,0.0,0.0,0,0.0,0,0.0,0.0,0.02586954,0.205263807,N,0.290322581,27980912
0.0,0,0.0,0.0,0.0,0.0,0.0,,0.03600823,0.0,0.014553015,0.424727202,0.0,0.0,0.0,0.003673889,0,0.0,0.0,0.047619048,0.145016611,0.0,0.0,0.033327993,0.008559351,0.0,0,0.0,0,0.0,0.0,0.0,0.470745406,N,0.284946237,28075082
0.0,0,0.0,0.0,0.0,0.0,0.0,,0.03600823,0.0,0.017172557,0.158441967,0.0,0.002949853,0.0,0.001347948,0,0.0,0.025362319,0.047619048,0.150981728,0.0,0.0,0.0,0.0,0.0,0,0.0,0,0.0,0.0,0.0,0.217207721,N,0.322580645,27436403
0.0,0,0.0,0.0,0.0,0.0,0.0,,0.03600823,0.0,0.014553015,0.125337312,0.0,0.0,0.0,0.000815663,0,0.0,0.007246377,0.047619048,0.169933555,0.0,0.0,0.0,0.0,0.0,0,0.0,0,0.0,0.0,0.0,0.183737583,Y,0.327956989,27332172
0.777777778,0,0.0,0.0,0.0,0.0,0.0,,0.03600823,0.0,0.014553015,0.094631318,0.0,0.0,0.0,0.0,0,0.0,0.0,0.047619048,0.145016611,0.0,0.0,0.0,0.0,0.0,0,0.0,0,0.0,0.0,0.0,0.146617442,N,0.048387097,32438097
0.0,0,0.0,0.0,0.071206324,0.0,0.0,,0.03600823,0.0,0.014553015,0.197787053,0.0,0.0,0.0,0.0,0,0.0,0.0,0.047619048,0.145016611,0.0,0.0,0.039184321,0.022252954,0.0,0,0.0,0,0.0,0.0,0.0,0.332406575,N,0.424731183,25972384
0.472222222,0,0.0,0.0,0.0,0.0,0.0,,0.03600823,0.0,0.014553015,0.125134012,0.0,0.002949853,0.0,0.0,0,0.0,0.003623188,0.047619048,0.146760797,0.0,0.0,0.0,0.0,0.0,0,0.0,0,0.0,0.0,0.0,0.143890203,Y,0.107526882,31562891
0.0,0,0.0,0.0,0.008389323,0.0,0.0,,0.225308642,0.0,0.014553015,0.099431202,0.0,0.002949853,0.0,0.03847643,0,0.0,0.134057971,0.047619048,0.318571429,0.0,0.0,0.0,0.0,0.0,0,0.0,0,0.0,0.0,0.020695632,0.158519794,N,0.360215054,26902681
0.722222222,0,0.0,0.0,0.0,0.0,0.0,,0.03600823,0.0,0.014553015,0.144396581,0.0,0.0,0.0,0.0,0,0.0,0.007246377,0.047619048,0.1489701,0.0,0.0,0.0,0.0,0.0,0,0.0,0,0.0,0.0,0.0,0.178798923,Y,0.059139785,32275074
0.805555556,0,0.0,0.0,0.0,0.0,0.0,,0.03600823,0.0,0.014553015,0.121877953,0.0,0.0,0.0,0.006717293,0,0.0,0.003623188,0.047619048,0.147342193,0.0,0.0,0.0,0.006729573,0.0,0,0.0,0,0.0,0.0,0.0,0.16900957,N,0.043010753,32465161
0.0,0,0.0,0.0,0.0,0.0,0.0,,0.03600823,0.0,0.014553015,0.005634716,0.0,0.0,0.0,0.0,0,0.0,0.0,0.047619048,0.145016611,0.0,0.0,0.0,0.0,0.0,0,0.0,0,0.0,0.0,0.0,0.028751523,N,0.365591398,26817204
0.0,0,0.0,0.0,0.0,0.0,0.0,,0.03600823,0.0,0.014553015,0.189531533,0.0,0.0,0.0,0.0,0,0.0,0.0,0.047619048,0.145016611,0.0,0.0,0.0,0.0,0.0,0,0.0,0,0.0,0.0,0.0,0.162680518,N,0.392473118,26434844
0.194444444,0,0.0,0.0,0.0,0.0,0.0,,0.16872428,0.0,0.014553015,0.618587353,0.0,0.0,0.0,0.001961198,0,0.0,0.003623188,0.047619048,0.14833887,0.0,0.0,0.0,0.0,0.0,0,0.0,0,0.0,0.0,0.021872696,0.647991771,N,0.161290323,30594117
0.0,0,0.0,0.0,0.001764197,0.0,0.0,,0.425925926,0.0,0.023284823,0.154074504,0.0,0.01179941,0.0,0.0,0,0.0,0.02173913,0.047619048,0.161877076,0.0,0.0,0.000783217,0.0,0.0,0,0.0,0,0.0,0.0,0.0,0.20148504,N,0.639784946,21308450
0.888888889,0,0.0,0.0,0.0,0.0,0.0,,0.03600823,0.0,0.014553015,0.352629631,0.0,0.0,0.0,0.0,0,0.0,0.0,0.047619048,0.145016611,0.0,0.0,0.0,0.0,0.0,0,0.0,0,0.0,0.0,0.0,0.339701737,N,0.02688172,32861414
0.861111111,0,0.0,0.0,0.0,0.0,0.0,,0.03600823,0.0,0.02037422,0.090701858,0.0,0.0,0.0,0.0,0,0.0,0.0,0.047619048,0.145016611,0.0,0.0,0.0,0.0,0.0,0,0.0,0,0.0,0.0,0.0,0.091262073,N,0.032258065,32593874
0.0,0,0.0,0.0,0.000430709,0.0,0.0,,0.03600823,0.0,0.014553015,0.234759295,0.0,0.0,0.0,0.011377191,0,0.0,0.032608696,0.055627976,0.170416944,0.0,0.0,0.0,0.0,0.0,0,0.0,0,0.0,0.0,0.0,0.263558813,Y,0.150537634,30922540
0.0,0,0.0,0.0,0.0,0.0,0.0,,0.03600823,0.0,0.014553015,0.312402959,0.0,0.005899705,0.0,0.002992099,0,0.0,0.0,0.047619048,0.145016611,0.0,0.0,0.0,0.0,0.0,0,0.0,0,0.0,0.0,0.0,0.198739952,N,0.586021505,22681605
0.722222222,0,0.0,0.0,0.0,0.0,0.0,,0.03600823,0.0,0.014553015,0.027315255,0.0,0.0,0.0,0.0,0,0.0,0.0,0.047619048,0.145016611,0.0,0.0,0.0,0.0,0.0,0,0.0,0,0.0,0.0,0.018108678,0.1051994,N,0.059139785,32260440
0.027777778,0,0.0,0.019736842,0.0,0.0,0.0,,0.156800412,0.0,0.014553015,0.10862367,0.0,0.01179941,0.0,0.0,0,0.0,0.0,0.047619048,0.145016611,0.0,0.045454545,0.0,0.0,0.0,0,0.0,0,0.111111111,0.0,0.0,0.111036856,N,0.193548387,30052523
0.0,0,0.0,0.0,0.0,0.0,0.0,,0.03600823,0.0,0.014553015,0.324811476,0.0,0.0,0.0,0.0,0,0.0,0.0,0.047619048,0.145016611,0.0,0.0,0.0,0.0,0.0,0,0.0,0,0.0,0.0,0.0,0.364107423,Y,0.252688172,28782382
0.861111111,0,0.0,0.0,0.0,0.0,0.0,,0.03600823,0.0,0.014553015,0.033562895,0.0,0.0,0.0,0.001563186,0,0.0,0.003623188,0.051369048,0.147109635,0.0,0.0,0.006415422,0.0,0.0,0,0.0,0,0.0,0.0,0.0,0.054758212,N,0.032258065,32595223
0.0,0,0.0,0.0,4.28e-06,0.0,0.0,,0.03600823,0.0,0.014553015,0.105483916,0.0,0.0,0.0,5.45e-05,0,0.0,0.007246377,0.047619048,0.169692691,0.0,0.0,0.0,0.0,0.0,0,0.0,0,0.0,0.0,0.0,0.12984298,N,0.333333333,27311632
0.638888889,0,0.0,0.0,0.0,0.0,0.0,,0.03600823,0.0,0.018711019,0.159608268,0.0,0.0,0.0,0.0,0,0.0,0.0,0.047619048,0.145016611,0.0,0.0,0.0,0.0,0.0,0,0.0,0,0.0,0.0,0.0,0.159423945,N,0.075268817,31942827
0.0,0,0.0,0.0,0.0,0.0,0.0,,0.03600823,0.0,0.014553015,0.244004566,0.0,0.0,0.0,0.028247179,0,0.0,0.0,0.047619048,0.145016611,0.0,0.0,0.0,0.023985892,0.0,0,0.0,0,0.0,0.0,0.0,0.270256818,Y,0.311827957,27580811
0.166666667,0,0.0,0.0,0.0,0.0,0.0,,0.03600823,0.0,0.014553015,0.095139336,0.0,0.0,0.0,0.0,0,0.0,0.0,0.047619048,0.145016611,0.0,0.0,0.0,0.0,0.0,0,0.0,0,0.0,0.0,0.0,0.150079782,Y,0.037634409,32535498
0.0,0,0.0,0.0,0.0,0.0,0.0,,0.16872428,0.0,0.014553015,0.152745843,0.0,0.0,0.0,0.0,0,0.0,0.007246377,0.047619048,0.149501661,0.0,0.0,0.0,0.0,0.0,0,0.0,0,0.0,0.0,0.0,0.166829002,N,0.446236559,25638352
0.0,0,0.0,0.0,0.0,0.0,0.0,,0.03600823,0.0,0.014553015,0.069122272,0.0,0.0,0.0,0.002486669,0,0.0,0.0,0.047619048,0.145016611,0.0,0.0,0.0,0.011556314,0.0,0,0.0,0,0.0,0.0,0.0,0.081893943,N,0.505376344,24455697
0.888888889,0,0.0,0.0,0.0,0.0,0.0,,0.03600823,0.0,0.014553015,0.280151745,0.0,0.0,0.0,0.0,0,0.0,0.0,0.047619048,0.145016611,0.0,0.0,0.0,0.0,0.0,0,0.0,0,0.0,0.0,0.0,0.259710947,N,0.591397849,22454344
0.0,0,0.0,0.0,0.0,0.0,0.0,,0.03600823,0.0,0.014553015,0.165605389,0.0,0.0,0.0,0.0,0,0.0,0.0,0.047619048,0.145016611,0.0,0.0,0.0,0.0,0.0,0,0.0,0,0.0,0.0,0.0,0.134785464,N,0.204301075,29874460
0.0,0,0.0,0.0,0.001796999,0.0,0.0,,0.03600823,0.0,0.018711019,0.170160102,0.0,0.0,0.0,0.011105838,0,0.0,0.0,0.047619048,0.145016611,0.0,0.0,0.0,0.0,0.0,0,0.0,0,0.0,0.0,0.0,0.209054304,N,0.387096774,26460070
0.166666667,0,0.0,0.0,0.0,0.0,0.0,,0.03600823,0.0,0.014553015,0.592808945,0.0,0.0,0.0,0.001337126,0,0.0,0.007246377,0.047619048,0.152923588,0.0,0.0,0.006794894,0.0,0.0,0,0.0,0,0.0,0.0,0.0,0.400778038,N,0.166666667,30510747
0.972222222,0,0.0,0.0,0.0,0.0,0.0,,0.03600823,0.0,0.014553015,0.0,0.0,0.0,0.0,0.0,0,0.0,0.0,0.047619048,0.145016611,0.0,0.0,0.0,0.0,0.0,0,0.0,0,0.0,0.0,0.0,0.0,Y,0.010752688,33378957
0.0,0,0.0,0.0,0.006218662,0.0,0.0,,0.03600823,0.0,0.026195426,0.063806695,0.0,0.0,0.0,0.015911634,0,0.0,0.02173913,0.076190476,0.160963455,0.0,0.0,0.003723518,0.0,0.0,0,0.0,0,0.0,0.0,0.0,0.068990294,Y,0.23655914,29206604
0.0,0,0.0,0.0,0.0,0.0,0.0,,0.03600823,0.0,0.014553015,0.071593973,0.0,0.0,0.0,0.0,0,0.0,0.0,0.047619048,0.145016611,0.0,0.0,0.0,0.0,0.0,0,0.0,0,0.111111111,0.0,0.0,0.121094955,N,0.47311828,25103262
0.0,0,0.0,0.0,0.0,0.0,0.0,,0.03600823,0.0,0.014553015,0.40821686,0.0,0.0,0.0,0.0,0,0.0,0.003623188,0.047619048,0.148006645,0.0,0.0,0.0,0.0,0.009174312,0,0.0,0,0.0,0.0,0.0,0.362291218,N,0.360215054,26893473
0.861111111,0,0.0,0.0,0.0,0.0,0.0,,0.03600823,0.0,0.014553015,0.204571089,0.0,0.0,0.0,0.0,0,0.0,0.018115942,0.047619048,0.152574751,0.0,0.0,0.0,0.0,0.0,0,0.0,0,0.0,0.0,0.0,0.105732048,N,0.032258065,32658905
0.0,0,0.0,0.0,0.0,0.0,0.0,,0.03600823,0.0,0.014553015,0.205567585,0.0,0.0,0.0,0.0,0,0.0,0.018115942,0.047619048,0.166611296,0.0,0.0,0.0,0.0,0.0,0,0.0,0,0.0,0.0,0.0,0.181970079,Y,0.198924731,29891554
0.0,0,0.0,0.006578947,0.002152596,0.0,0.010989011,,0.103713992,0.0,0.026195426,0.01335919,0.0,0.0,0.0,0.011844544,0,0.032391304,0.039855072,0.085119048,0.202574751,0.0,0.0,0.0,0.0,0.0,0,0.0,0,0.0,0.0,0.0,0.020207735,Y,0.446236559,25554703
0.861111111,0,0.0,0.0,0.0,0.0,0.0,,0.03600823,0.0,0.014553015,0.1892852,0.0,0.0,0.0,0.0,0,0.0,0.0,0.047619048,0.145016611,0.0,0.0,0.0,0.0,0.0,0,0.0,0,0.0,0.0,0.0,0.163704508,N,0.225806452,29420058
0.833333333,0,0.0,0.006578947,0.0,0.0,0.010989011,,0.03600823,0.0,0.014553015,0.144133733,0.0,0.0,0.0,0.001295441,0,0.0,0.007246377,0.047619048,0.149202658,0.0,0.0,0.0,0.0,0.0,0,0.0,0,0.0,0.0,0.0,0.147573863,N,0.037634409,32530724
0.277777778,0,0.0,0.0,0.014899879,0.0,0.0,,0.03600823,0.0,0.014553015,0.162204648,0.0,0.0,0.0,0.0016682,0,0.0,0.0,0.047619048,0.145016611,0.0,0.0,0.0,0.0,0.0,0,0.0,0,0.0,0.0,0.0,0.182223017,N,0.14516129,31030396
0.0,0,0.0,0.0,0.002028993,0.0,0.0,,0.03600823,0.0,0.017463617,0.039423009,0.0,0.0,0.0,0.0,0,0.0,0.0,0.047619048,0.145016611,0.0,0.0,0.0,0.0,0.0,0,0.0,0,0.0,0.0,0.0,0.034992098,Y,0.338709677,27189947
0.416666667,0,0.0,0.0,0.0,0.0,0.0,,0.03600823,0.0,0.014553015,0.123580883,0.0,0.014749263,0.048076923,0.0,0,0.0,0.010869565,0.047619048,0.154983389,0.0,0.0,0.0,0.000377169,0.0,0,0.0,0,0.0,0.0,0.0,0.094709624,N,0.11827957,31379948
0.055555556,0,0.0,0.0,0.0,0.0,0.0,,0.03600823,0.0,0.014553015,0.121506012,0.0,0.0,0.0,0.0,0,0.0,0.0,0.047619048,0.145016611,0.0,0.0,0.004159627,0.0,0.0,0,0.0,0,0.0,0.0,0.0,0.121240547,Y,0.182795699,30201057
0.0,0,0.0,0.0,0.01234177,0.0,0.0,,0.03600823,0.0,0.064033264,0.059974464,0.0,0.0,0.0,0.018381469,0,0.0,0.010869565,0.047619048,0.153986711,0.0,0.0,0.0,0.0,0.0,0,0.0,0,0.0,0.0,0.023282586,0.069106819,Y,0.451612903,25480003
0.25,0,0.0,0.0,0.0,0.0,0.0,,0.143004115,0.0,0.02037422,0.139322452,0.0,0.0,0.0,0.0,0,0.0,0.0,0.047619048,0.145016611,0.0,0.0,0.0,0.0,0.0,0,0.0,0,0.0,0.0,0.0,0.122089623,Y,0.150537634,30925521
0.833333333,0,0.0,0.0,0.0,0.0,0.0,,0.108024691,0.0,0.014553015,0.228543522,0.0,0.0,0.0,0.004147254,0,0.0,0.003623188,0.047619048,0.14833887,0.0,0.0,0.0,0.0,0.0,0,0.0,0,0.0,0.0,0.0,0.279392919,N,0.247311828,28939310
0.0,0,0.0,0.0,0.0,0.0,0.0,,0.03600823,0.0,0.014553015,0.141060738,0.0,0.0,0.0,0.0,0,0.0,0.0,0.047619048,0.145016611,0.0,0.0,0.0,0.0,0.0,0,0.0,0,0.0,0.0,0.0,0.16259714,N,0.596774194,22394410
0.0,0,0.0,0.0,0.0,0.0,0.0,,0.03600823,0.0,0.014553015,0.314849538,0.0,0.0,0.0,0.0,0,0.0,0.0,0.047619048,0.145016611,0.0,0.0,0.0,0.0,0.0,0,0.0,0,0.0,0.0,0.0,0.235073997,N,0.387096774,26525698
0.0,0,0.005128205,0.0,0.0,0.0,0.0,,0.068858025,0.0,0.024532225,0.281313161,0.0,0.002949853,0.0,0.029976705,0,0.0,0.036231884,0.047619048,0.177275748,0.0,0.0,0.0,0.0,0.0,0,0.0,0,0.0,0.0,0.082782528,0.28085088,N,0.322580645,27413162
0.666666667,0,0.0,0.0,0.001736624,0.0,0.0,,0.03600823,0.0,0.014553015,0.117976871,0.0,0.0,0.0,0.005900828,0,0.0,0.02173913,0.077380952,0.164950166,0.0,0.0,0.003163615,0.0,0.0,0,0.0,0,0.0,0.0,0.0,0.141485254,N,0.069892473,32034841
0.0,0,0.0,0.0,0.0,0.0,0.0,,0.03600823,0.0,0.017172557,0.16937435,0.0,0.0,0.0,0.0,0,0.0,0.0,0.047619048,0.145016611,0.0,0.0,0.0,0.0,0.0,0,0.0,0,0.0,0.0,0.0,0.145273201,N,0.532258065,23891934
0.083333333,0,0.0,0.0,0.005546927,0.0,0.0,,0.03600823,0.0,0.018711019,0.153179193,0.0,0.0,0.0,0.0,0,0.0,0.0,0.047619048,0.145016611,0.0,0.0,0.0,0.0,0.0,0,0.0,0,0.0,0.0,0.0,0.060412085,N,0.182795699,30209460
0.416666667,0,0.0,0.0,0.001922979,0.0,0.0,,0.03600823,0.0,0.018711019,0.097858533,0.0,0.0,0.0,0.0,0,0.0,0.0,0.047619048,0.145016611,0.0,0.0,0.0,0.0,0.0,0,0.0,0,0.0,0.0,0.0,0.127235069,Y,0.11827957,31373282
0.0,0,0.0,0.0,0.0,0.0,0.0,,0.03600823,0.0,0.014553015,0.160829464,0.0,0.0,0.0,0.006909284,0,0.0,0.0,0.047619048,0.145016611,0.0,0.0,0.0,0.0,0.0,0,0.0,0,0.0,0.0,0.0,0.11695667,N,0.26344086,28603138
0.0,0,0.0,0.0,0.0,0.0,0.0,,0.03600823,0.0,0.014553015,0.114754308,0.0,0.0,0.0,0.006739337,0,0.0,0.007246377,0.047619048,0.147071429,0.0,0.0,0.0,0.0,0.0,0,0.0,0,0.0,0.0,0.014486942,0.093245543,N,0.35483871,27016843
0.083333333,0,0.0,0.0,0.0,0.0,0.0,,0.08345679,0.0,0.014553015,0.091190569,0.0,0.017699115,0.019230769,0.066538432,0,0.0,0.018115942,0.062380952,0.162973422,0.0,0.0,0.01893476,0.0,0.0,0,0.0,0,0.0,0.0,0.0,0.077703897,N,0.182795699,30231865
0.0,0,0.0,0.0,0.002005698,0.0,0.0,,0.138888889,0.0,0.017463617,0.122011936,0.0,0.0,0.0,0.0,0,0.0,0.0,0.047619048,0.145016611,0.0,0.0,0.0,0.0,0.0,0,0.0,0,0.0,0.0,0.0,0.152276159,Y,0.252688172,28733223
0.444444444,0,0.0,0.0,0.0,0.0,0.010989011,,0.16872428,0.0,0.035343035,0.334921121,0.0,0.0,0.0,0.006213866,0,0.126470588,0.018115942,0.047619048,0.166611296,0.0,0.0,0.0,0.0,0.0,0,0.0,0,0.111111111,0.0,0.05173908,0.351519437,N,0.112903226,31480961
0.0,0,0.005128205,0.0,0.0,0.0,0.0,,0.128600823,0.0,0.021852391,0.114610323,0.033994334,0.014749263,0.0,0.004214591,0,0.0,0.014492754,0.047619048,0.181694352,0.018181818,0.0,0.0,0.0,0.0,0,0.0,0,0.0,0.0,0.035182574,0.096362643,N,0.26344086,28566906
0.0,0,0.0,0.0,0.0,0.0,0.0,,0.03600823,0.0,0.014553015,0.586062358,0.0,0.0,0.0,0.0,0,0.0,0.0,0.047619048,0.145016611,0.0,0.0,0.0,0.0,0.0,0,0.0,0,0.0,0.0,0.0,0.649691197,Y,0.231182796,29265070
0.972222222,0,0.0,0.0,0.0,0.0,0.0,,0.03600823,0.0,0.014553015,0.238518952,0.0,0.0,0.0,0.003805758,0,0.0,0.007246377,0.047619048,0.149003322,0.0,0.0,0.0,0.0,0.0,0,0.0,0,0.0,0.0,0.0,0.289345967,N,0.344086022,27127484
0.222222222,0,0.0,0.0,0.0,0.0,0.0,,0.03600823,0.0,0.014553015,0.101373951,0.0,0.0,0.0,0.0,0,0.0,0.0,0.047619048,0.145016611,0.0,0.0,0.0,0.0,0.0,0,0.0,0,0.0,0.0,0.0,0.0724432,N,0.155913978,30783515
0.444444444,0,0.0,0.0,0.0,0.0,0.0,,0.03600823,0.0,0.014553015,0.059843273,0.0,0.0,0.0,0.0,0,0.0,0.0,0.047619048,0.145016611,0.0,0.0,0.0,0.0,0.0,0,0.0,0,0.0,0.0,0.0,0.094664748,N,0.112903226,31467507
0.694444444,0,0.0,0.0,0.0,0.0,0.0,,0.03600823,0.0,0.014553015,0.295161062,0.0,0.0,0.0,0.0,0,0.0,0.0,0.047619048,0.145016611,0.0,0.0,0.0,0.0,0.0,0,0.0,0,0.0,0.0,0.0,0.321151611,N,0.064516129,32107204
0.0,0,0.0,0.0,0.0,0.0,0.0,,0.03600823,0.0,0.014553015,0.192103256,0.0,0.0,0.0,0.0,0,0.0,0.0,0.047619048,0.145016611,0.0,0.0,0.0,0.0,0.0,0,0.0,0,0.0,0.0,0.0,0.220469138,N,0.344086022,27146184
0.0,0,0.0,0.0,0.0,0.0,0.0,,0.03600823,0.0,0.014553015,0.049193976,0.0,0.0,0.0,0.0,0,0.0,0.0,0.047619048,0.145016611,0.0,0.0,0.0,0.0,0.0,0,0.0,0,0.0,0.0,0.0,0.083310088,N,0.225806452,29318152
0.333333333,0,0.0,0.0,0.0,0.0,0.0,,0.03600823,0.0,0.014553015,0.130824089,0.0,0.0,0.0,0.0,0,0.0,0.0,0.047619048,0.145016611,0.0,0.0,0.0,0.0,0.0,0,0.0,0,0.0,0.0,0.0,0.157842829,N,0.134408602,31177805
0.0,0,0.0,0.0,0.0,0.0,0.0,,0.03600823,0.0,0.018711019,0.210764299,0.0,0.0,0.0,0.0,0,0.0,0.007246377,0.047619048,0.149833887,0.0,0.0,0.0,0.0,0.0,0,0.0,0,0.0,0.0,0.0,0.176986543,N,0.333333333,27304935
0.0,0,0.0,0.0,0.0,0.0,0.0,,0.03600823,0.0,0.018295218,0.119551865,0.0,0.0,0.0,0.017815515,0,0.0,0.0,0.047619048,0.145016611,0.0,0.0,0.0,0.0,0.0,0,0.0,0,0.0,0.0,0.0,0.1434598,N,0.935483871,12179817
0.0,0,0.0,0.0,0.001115756,0.0,0.0,,0.03600823,0.0,0.014553015,0.097018583,0.0,0.0,0.0,0.016705252,0,0.0,0.003623188,0.047619048,0.145598007,0.0,0.0,0.001046987,0.0,0.0,0,0.0,0,0.0,0.0,0.0,0.113958389,N,0.204301075,29834545
0.527777778,0,0.0,0.0,0.001690986,0.0,0.0,,0.03600823,0.0,0.014553015,0.118786349,0.0,0.0,0.0,0.007185046,0,0.0,0.0,0.047619048,0.145016611,0.0,0.0,0.0,0.0,0.0,0,0.0,0,0.0,0.0,0.0,0.103464533,Y,0.096774194,31709566
0.666666667,0,0.0,0.0,0.0,0.0,0.0,,0.03600823,0.0,0.014553015,0.154003326,0.0,0.0,0.0,0.002729564,0,0.0,0.014492754,0.064285714,0.154318937,0.0,0.0,0.0,0.0,0.0,0,0.0,0,0.0,0.0,0.0,0.145892031,N,0.069892473,32053881
0.75,0,0.0,0.0,0.0,0.0,0.0,,0.03600823,0.0,0.014553015,0.174026294,0.0,0.005899705,0.038461538,0.0,0,0.0,0.0,0.047619048,0.145016611,0.0,0.0,0.0,0.0,0.0,0,0.0,0,0.0,0.0,0.0,0.278799076,N,0.053763441,32330511
0.694444444,0,0.0,0.0,0.0,0.0,0.0,,0.03600823,0.0,0.014553015,0.024057103,0.0,0.0,0.0,0.0,0,0.0,0.0,0.047619048,0.145016611,0.0,0.0,0.0,0.0,0.0,0,0.0,0,0.0,0.0,0.0,0.072547996,N,0.064516129,32136727
0.138888889,0,0.0,0.0,0.0,0.0,0.0,,0.03600823,0.0,0.014553015,0.060712532,0.0,0.0,0.0,0.0,0,0.0,0.0,0.047619048,0.145016611,0.0,0.0,0.0,0.0,0.0,0,0.0,0,0.0,0.0,0.0,0.061248156,Y,0.043010753,32480485
0.0,0,0.0,0.0,0.00873874,0.0,0.0,,0.077160494,0.0,0.017463617,0.001312612,0.0,0.0,0.0,0.0,0,0.0,0.0,0.047619048,0.145016611,0.0,0.0,0.003927413,0.0,0.0,0,0.0,0,0.0,0.0,0.0,0.007036105,N,0.569892473,23017641
0.0,0,0.0,0.0,0.0,0.0,0.0,,0.03600823,0.0,0.014553015,0.222951839,0.0,0.0,0.0,0.0,0,0.0,0.0,0.047619048,0.145016611,0.0,0.0,0.0,0.0,0.0,0,0.0,0,0.0,0.0,0.0,0.241024408,N,0.424731183,25925289
0.25,0,0.0,0.0,0.0,0.0,0.0,,0.03600823,0.0,0.031185031,0.069303474,0.0,0.0,0.0,0.0,0,0.0,0.003623188,0.047619048,0.161627907,0.0,0.0,0.0,0.0,0.0,0,0.0,0,0.0,0.0,0.0,0.050952928,N,0.150537634,30852544
0.0,0,0.0,0.0,0.001084855,0.0,0.0,,0.118312757,0.0,0.014553015,0.112189796,0.0,0.0,0.0,0.023438978,0,0.0,0.003623188,0.047619048,0.147109635,0.0,0.0,0.052345282,0.0,0.0,0,0.019607843,0,0.0,0.0,0.0,0.116275625,N,0.548387097,23540670
0.0,0,0.0,0.0,0.003299252,0.0,0.0,,0.143004115,0.0,0.014553015,0.098692203,0.0,0.0,0.0,0.00675056,0,0.0,0.018115942,0.05952381,0.161627907,0.0,0.0,0.0,0.0,0.0,0,0.0,0,0.0,0.0,0.0,0.125985934,N,0.290322581,27983628
0.111111111,0,0.0,0.0,0.0,0.0,0.0,,0.169753086,0.0,0.014553015,0.016522205,0.0,0.0,0.0,0.001020881,0,0.077570332,0.007246377,0.047619048,0.148770764,0.0,0.0,0.0,0.0,0.0,0,0.0,0,0.111111111,0.0,0.0,0.037868755,N,0.177419355,30400427
0.0,0,0.0,0.0,0.0,0.0,0.0,,0.03600823,0.0,0.014553015,0.020837564,0.0,0.0,0.0,0.0,0,0.0,0.0,0.047619048,0.145016611,0.0,0.0,0.0,0.0,0.0,0,0.0,0,0.0,0.0,0.020695632,0.000612711,N,0.241935484,29066311
0.0,0,0.0,0.0,0.0,0.0,0.0,,0.09441358,0.0,0.014553015,0.268491762,0.0,0.0,0.0,0.009053655,0,0.0,0.0,0.047619048,0.145016611,0.0,0.0,0.0,0.0,0.0,0,0.0,0,0.0,0.0,0.0,0.286441008,N,0.440860215,25713384
0.0,0,0.0,0.0,0.0,0.0,0.0,,0.138888889,0.0,0.014553015,0.367302363,0.0,0.064896755,0.0,0.0,0,0.0,0.0,0.047619048,0.145016611,0.0,0.0,0.0,0.008673182,0.0,0,0.0,0,0.0,0.0,0.0,0.408790453,N,0.446236559,25575315
0.444444444,0,0.0,0.0,0.0,0.0,0.0,,0.03600823,0.0,0.014553015,0.501205263,0.0,0.002949853,0.009615385,0.0,0,0.0,0.039855072,0.047619048,0.163621262,0.0,0.0,0.0,0.0,0.0,0,0.0,0,0.0,0.0,0.0,0.418794242,N,0.112903226,31485227
0.194444444,0,0.0,0.0,0.0,0.0,0.0,,0.03600823,0.0,0.031185031,0.022926391,0.0,0.0,0.0,0.004483539,0,0.0,0.010869565,0.047619048,0.154983389,0.0,0.0,0.0,0.0,0.0,0,0.0,0,0.0,0.0,0.10347816,0.017169678,N,0.161290323,30601064
0.083333333,0,0.0,0.0,0.0,0.0,0.0,,0.03600823,0.0,0.014553015,0.159049774,0.0,0.0,0.0,0.0,0,0.0,0.010869565,0.047619048,0.149667774,0.0,0.0,0.0,0.0,0.0,0,0.0,0,0.0,0.0,0.0,0.217993306,N,0.182795699,30216553
0.0,0,0.0,0.0,0.000122177,0.0,0.0,,0.03600823,0.0,0.014553015,0.021204155,0.0,0.0,0.0,0.037937732,0,0.0,0.0,0.047619048,0.145016611,0.0,0.0,0.010428601,0.0,0.0,0,0.0,0,0.0,0.0,0.0,0.040372634,N,0.231182796,29314044
0.0,0,0.0,0.0,0.0,0.0,0.0,,0.275720165,0.0,0.014553015,0.222346125,0.0,0.0,0.0,0.014726418,0,0.0,0.003623188,0.047619048,0.147508306,0.0,0.0,0.030003366,0.012509429,0.0,0,0.0,0,0.0,0.0,0.0,0.210883003,N,0.209677419,29707089
0.0,0,0.0,0.0,0.0,0.0,0.0,,0.252057613,0.0,0.017588358,0.089186644,0.0,0.0,0.0,0.004249061,0,0.0,0.014492754,0.047619048,0.148574751,0.0,0.0,0.0,0.0,0.0,0,0.0,0,0.0,0.0,0.0,0.113167448,N,0.322580645,27433419
0.0,0,0.0,0.0,0.017657179,0.008474576,0.0,,0.137860082,0.0,0.04097921,0.233936325,0.0,0.0,0.0,0.019719396,0,0.0,0.014492754,0.067327381,0.156016611,0.0,0.0,0.01027487,0.0,0.0,0,0.0,0,0.0,0.0,0.0,0.1689573,N,0.344086022,27107069
0.0,0,0.0,0.0,0.0,0.0,0.0,,0.03600823,0.0,0.014553015,0.31873364,0.0,0.0,0.0,0.0,0,0.0,0.0,0.047619048,0.145016611,0.0,0.0,0.0,0.0,0.0,0,0.0,0,0.0,0.0,0.0,0.32406167,N,0.274193548,28321014
0.0,0,0.0,0.0,0.0,0.0,0.0,,0.03600823,0.0,0.014553015,0.258363509,0.0,0.0,0.0,0.009303765,0,0.0,0.007246377,0.047619048,0.149003322,0.0,0.0,0.0,0.0,0.0,0,0.0,0,0.0,0.0,0.0,0.175924051,Y,0.376344086,26614297
0.333333333,0,0.0,0.0,0.0,0.0,0.0,,0.03600823,0.0,0.014553015,0.098244664,0.0,0.0,0.0,0.0,0,0.0,0.014492754,0.047619048,0.154850498,0.0,0.0,0.007841881,0.0,0.0,0,0.0,0,0.0,0.0,0.0,0.242741427,N,0.134408602,31135951
0.0,0,0.0,0.0,0.003497017,0.0,0.0,,0.03600823,0.0,0.030769231,0.076104956,0.0,0.0,0.0,0.013550822,0,0.0,0.057971014,0.09047619,0.18986711,0.0,0.0,0.005957467,0.0,0.0,0,0.0,0,0.0,0.0,0.046565172,0.112856886,N,0.231182796,29266594
0.0,0,0.0,0.0,0.001406223,0.0,0.0,,0.03600823,0.0,0.018711019,0.293959637,0.0,0.0,0.0,0.0,0,0.0,0.010869565,0.047619048,0.161627907,0.0,0.0,0.003369128,0.0,0.0,0,0.0,0,0.0,0.0,0.0,0.495739325,Y,0.112903226,31345834
0.0,0,0.0,0.0,0.0,0.0,0.0,,0.03600823,0.0,0.014553015,0.224146518,0.0,0.0,0.0,0.0,0,0.0,0.010869565,0.047619048,0.153986711,0.0,0.0,0.006842632,0.0,0.0,0,0.0,0,0.0,0.0,0.02586954,0.119074003,N,0.580645161,22757987
0.138888889,0,0.0,0.0,0.0,0.0,0.0,,0.03600823,0.0,0.014553015,0.0,0.0,0.0,0.0,0.0,0,0.0,0.0,0.047619048,0.145016611,0.0,0.0,0.0,0.0,0.0,0,0.0,0,0.0,0.0,0.018108678,0.017239287,N,0.172043011,30438541
0.361111111,0,0.0,0.0,0.0,0.0,0.0,,0.03600823,0.0,0.014553015,0.104050115,0.0,0.0,0.0,0.0,0,0.0,0.025362319,0.047619048,0.156843854,0.0,0.0,0.0,0.0,0.0,0,0.0,0,0.0,0.0,0.0,0.025671139,N,0.129032258,31249382
0.027777778,0,0.0,0.0,0.0,0.0,0.0,,0.03600823,0.0,0.014553015,0.102708195,0.0,0.0,0.0,0.006457563,0,0.0,0.036231884,0.047619048,0.166943522,0.0,0.015151515,0.016373122,0.002229033,0.0,0,0.0,0,0.0,0.0,0.0,0.081238905,N,0.193548387,30076423
0.611111111,0,0.0,0.0,0.00460279,0.0,0.0,,0.03600823,0.0,0.018711019,0.384592875,0.0,0.0,0.0,0.001443743,0,0.0,0.003623188,0.053571429,0.14833887,0.0,0.0,0.006357166,0.0,0.0,0,0.0,0,0.0,0.0,0.0,0.36635148,N,0.080645161,31920611
0.916666667,0,0.0,0.0,0.0,0.0,0.0,,0.03600823,0.0,0.0197921,0.185413659,0.0,0.0,0.0,0.001878629,0,0.0,0.010869565,0.047619048,0.151295681,0.0,0.0,0.0,0.0,0.0,0,0.019607843,0,0.0,0.0,0.0,0.014432239,N,0.021505376,32981901
0.0,0,0.0,0.0,0.0,0.0,0.0,,0.03600823,0.0,0.014553015,0.183917054,0.0,0.0,0.0,0.001929934,0,0.0,0.007246377,0.047619048,0.149169435,0.0,0.0,0.0,0.0,0.0,0,0.0,0,0.0,0.0,0.0,0.105366665,N,0.344086022,27111455
0.0,0,0.0,0.0,0.0,0.0,0.0,,0.03600823,0.0,0.014553015,0.193882016,0.0,0.0,0.0,0.004817821,0,0.0,0.018115942,0.068452381,0.156644518,0.0,0.0,0.0,0.0,0.0,0,0.0,0,0.0,0.0,0.0,0.207412503,Y,0.47311828,25089958
0.0,0,0.0,0.0,0.0,0.0,0.0,,0.03600823,0.0,0.014553015,0.024687705,0.0,0.0,0.0,0.00173193,0,0.0,0.003623188,0.05297619,0.148006645,0.0,0.0,0.0,0.0,0.0,0,0.0,0,0.0,0.0,0.0,0.043680713,N,0.241935484,29026773
0.0,0,0.0,0.0,0.020349825,0.0,0.0,,0.03600823,0.0,0.022869023,0.086393477,0.0,0.0,0.0,0.001368389,0,0.0,0.0,0.047619048,0.145016611,0.0,0.0,0.004747849,0.0,0.0,0,0.0,0,0.0,0.0,0.0,0.09452349,Y,0.392473118,26384981
0.611111111,0,0.0,0.0,0.0,0.0,0.0,,0.087376543,0.0,0.014553015,0.090499953,0.0,0.0,0.0,0.008384291,0,0.0,0.014492754,0.052380952,0.174916944,0.0,0.0,0.0,0.0,0.0,0,0.0,0,0.111111111,0.0,0.0,0.079569312,Y,0.080645161,31914475
0.888888889,0,0.0,0.0,0.0,0.0,0.0,,0.03600823,0.0,0.014553015,0.046271013,0.0,0.0,0.0,0.0,0,0.0,0.0,0.047619048,0.145016611,0.0,0.0,0.000120557,0.0,0.0,0,0.0,0,0.0,0.0,0.0,0.146335947,Y,0.02688172,32852334
0.194444444,0,0.0,0.0,0.0,0.0,0.0,,0.113076132,0.0,0.014553015,0.050251415,0.0,0.0,0.0,0.0,0,0.093478261,0.003623188,0.047619048,0.161627907,0.0,0.0,0.0,0.0,0.0,0,0.0,0,0.111111111,0.0,0.0,0.085578113,N,0.161290323,30596707
0.527777778,0,0.0,0.0,0.003627751,0.0,0.0,,0.03600823,0.0,0.027027027,0.06584272,0.0,0.0,0.0,0.0,0,0.0,0.003623188,0.053571429,0.14833887,0.0,0.0,0.0,0.0,0.0,0,0.0,0,0.0,0.0,0.0,0.077070022,Y,0.096774194,31664174
0.5,0,0.0,0.0,0.0,0.0,0.0,,0.128600823,0.0,0.014553015,0.122524141,0.0,0.0,0.0,0.031698214,0,0.012787724,0.072463768,0.151785714,0.223089701,0.0,0.0,0.040677936,0.0,0.0,0,0.0,0,0.111111111,0.0,0.02586954,0.097120182,N,0.306451613,27660233
0.916666667,0,0.0,0.0,0.0,0.0,0.0,,0.03600823,0.0,0.014553015,0.09712535,0.0,0.0,0.0,0.011640127,0,0.0,0.003623188,0.047619048,0.147674419,0.0,0.0,0.0,0.0,0.0,0,0.0,0,0.0,0.0,0.0,0.143925389,N,0.215053763,29644193
0.027777778,0,0.0,0.0,0.0,0.0,0.0,,0.128600823,0.0,0.014553015,0.243394665,0.0,0.0,0.0,0.0,0,0.0,0.0,0.047619048,0.145016611,0.0,0.0,0.0,0.0,0.0,0,0.0,0,0.0,0.0,0.0,0.241179689,N,0.193548387,30018482
0.0,0,0.0,0.0,0.0,0.0,0.0,,0.03600823,0.0,0.014553015,0.432476798,0.0,0.0,0.0,0.0,0,0.0,0.0,0.047619048,0.145016611,0.0,0.0,0.0,0.0,0.0,0,0.0,0,0.0,0.0,0.0,0.323320195,N,0.510752688,24290890
0.222222222,0,0.0,0.0,0.0,0.0,0.0,,0.03600823,0.0,0.014553015,0.103209699,0.0,0.0,0.0,0.0,0,0.0,0.007246377,0.047619048,0.15,0.0,0.0,0.0,0.0,0.0,0,0.0,0,0.0,0.0,0.0,0.097154859,N,0.155913978,30695446
0.0,0,0.0,0.0,0.0,0.0,0.0,,0.03600823,0.0,0.014553015,0.041982869,0.0,0.0,0.0,0.00157481,0,0.0,0.003623188,0.051785714,0.147342193,0.0,0.0,0.003462176,0.0,0.0,0,0.0,0,0.0,0.0,0.0,0.176598467,N,0.435483871,25723484
0.722222222,0,0.0,0.0,0.0,0.0,0.0,,0.03600823,0.0,0.014553015,0.246483711,0.0,0.008849558,0.0,0.003186896,0,0.094667519,0.007246377,0.047619048,0.151528239,0.0,0.0,0.0,0.0,0.0,0,0.0,0,0.222222222,0.0,0.0,0.19206668,N,0.059139785,32259624
0.0,0,0.0,0.0,0.0,0.0,0.0,,0.169753086,0.0,0.014553015,0.24415832,0.0,0.0,0.0,0.001598859,0,0.0,0.003623188,0.047619048,0.147342193,0.0,0.0,0.013027458,0.0,0.0,0,0.0,0,0.0,0.0,0.0,0.265150383,Y,0.311827957,27574826
0.527777778,0,0.0,0.0,0.003670061,0.0,0.0,,0.03600823,0.0,0.014553015,0.336376089,0.0,0.0,0.0,0.003284696,0,0.0,0.0,0.047619048,0.145016611,0.0,0.0,0.009234357,0.0,0.0,0,0.0,0,0.0,0.0,0.0,0.1933074,N,0.102150538,31582120
0.0,0,0.0,0.0,0.0,0.0,0.0,,0.03600823,0.0,0.014553015,0.246547213,0.0,0.0,0.0,0.028726556,0,0.0,0.0,0.047619048,0.145016611,0.0,0.0,0.003109404,0.0,0.0,0,0.0,0,0.0,0.0,0.0,0.241488977,N,0.817204301,12955901
0.444444444,0,0.0,0.0,0.0,0.0,0.0,,0.03600823,0.0,0.014553015,0.581490664,0.0,0.0,0.0,0.001814098,0,0.0,0.007246377,0.047619048,0.149667774,0.0,0.0,0.0,0.0,0.0,0,0.0,0,0.0,0.0,0.0,0.630767018,N,0.112903226,31442807
0.694444444,0,0.0,0.0,0.0,0.0,0.0,,0.03600823,0.0,0.014553015,0.149696806,0.0,0.005899705,0.009615385,0.00850173,0,0.111253197,0.003623188,0.047619048,0.146877076,0.018181818,0.0,0.0,0.0,0.0,0,0.009803922,0,0.111111111,0.0,0.0,0.164515081,N,0.064516129,32158424
0.472222222,0,0.0,0.0,0.0,0.0,0.0,,0.03600823,0.0,0.018711019,0.172286845,0.0,0.0,0.0,0.0,0,0.0,0.0,0.047619048,0.145016611,0.0,0.0,0.002871526,0.0,0.0,0,0.0,0,0.0,0.0,0.0,0.185719014,N,0.107526882,31517765
0.305555556,0,0.0,0.0,0.0,0.0,0.0,,0.03600823,0.0,0.014553015,0.552322681,0.0,0.0,0.0,0.0,0,0.0,0.010869565,0.047619048,0.182392027,0.0,0.0,0.0,0.004097887,0.0,0,0.0,0,0.0,0.0,0.023282586,0.603911509,N,0.139784946,31078753
0.444444444,0,0.0,0.0,0.0,0.0,0.0,,0.16872428,0.0,0.014553015,0.191861343,0.0,0.0,0.0,0.0,0,0.0,0.007246377,0.047619048,0.15166113,0.0,0.0,0.0,0.0,0.0,0,0.0,0,0.0,0.0,0.0,0.238678105,N,0.112903226,31473004
0.0,0,0.0,0.0,0.005699054,0.0,0.0,,0.03600823,0.0,0.018711019,0.152318308,0.0,0.0,0.0,0.004177716,0,0.0,0.007246377,0.057142857,0.150332226,0.0,0.0,0.0,0.0,0.0,0,0.0,0,0.0,0.0,0.0,0.112709509,N,0.344086022,27113700
0.888888889,0,0.0,0.0,0.004018052,0.0,0.010989011,,0.03600823,0.0,0.020112266,0.212899648,0.0,0.002949853,0.019230769,0.013156017,0,0.0,0.0,0.047619048,0.145016611,0.0,0.0,0.0,0.0,0.0,0,0.0,0,0.0,0.0,0.0,0.164734872,N,0.02688172,32781578
0.0,0,0.0,0.0,0.086058188,0.0,0.0,,0.03600823,0.0,0.029106029,0.134160862,0.0,0.0,0.0,0.054364016,0,0.0,0.086956522,0.051785714,0.160714286,0.0,0.0,0.0,0.0,0.0,0,0.0,0,0.0,0.0,0.0,0.173737364,N,0.349462366,27019956
0.0,0,0.0,0.0,0.0,0.0,0.0,,0.03600823,0.0,0.014553015,0.231579067,0.0,0.0,0.0,0.003301931,0,0.0,0.0,0.047619048,0.145016611,0.0,0.0,0.081211851,0.0,0.0,0,0.0,0,0.0,0.0,0.0,0.175848323,Y,0.252688172,28785446
0.0,0,0.0,0.0,0.0,0.0,0.0,,0.03600823,0.0,0.014553015,0.196961059,0.0,0.005899705,0.028846154,0.022072593,0,0.0,0.003623188,0.047619048,0.146644518,0.0,0.0,0.006507661,0.0,0.0,0,0.009803922,0,0.0,0.0,0.0,0.162680773,N,0.553763441,23399889
0.0,0,0.0,0.0,0.0,0.0,0.0,,0.03600823,0.0,0.014553015,0.50577905,0.0,0.0,0.0,0.0,0,0.0,0.0,0.047619048,0.145016611,0.0,0.0,0.0,0.021255666,0.0,0,0.0,0,0.0,0.0,0.0,0.525444974,N,0.564516129,23117216
0.0,0,0.0,0.0,0.0,0.004237288,0.010989011,,0.053919753,0.0,0.014553015,0.257280017,0.0,0.008849558,0.028846154,0.00826124,0,0.0,0.039855072,0.047619048,0.184219269,0.0,0.0,0.0,0.0,0.0,0,0.0,0,0.0,0.0,0.0,0.293791756,N,0.274193548,28364668
0.083333333,0,0.0,0.0,0.0,0.0,0.0,,0.03600823,0.0,0.017463617,0.070488383,0.0,0.0,0.0,0.0,0,0.0,0.0,0.047619048,0.145016611,0.0,0.0,0.0,0.0,0.0,0,0.0,0,0.0,0.0,0.0,0.033885751,N,0.182795699,30265368
0.388888889,0,0.0,0.0,0.0,0.0,0.0,,0.03600823,0.0,0.014553015,0.146213024,0.0,0.0,0.0,0.0,0,0.0,0.0,0.047619048,0.145016611,0.0,0.0,0.0,0.0,0.0,0,0.0,0,0.0,0.0,0.0,0.143940943,N,0.123655914,31299435
0.0,0,0.0,0.0,0.0,0.0,0.0,,0.03600823,0.0,0.014553015,0.25237197,0.0,0.0,0.0,0.0,0,0.0,0.0,0.047619048,0.145016611,0.0,0.0,0.0,0.0,0.0,0,0.0,0,0.0,0.0,0.0,0.29334937,Y,0.467741935,25159409
0.0,0,0.0,0.0,0.0,0.0,0.0,,0.108024691,0.0,0.014553015,0.260503975,0.0,0.0,0.0,0.0,0,0.0,0.0,0.047619048,0.145016611,0.0,0.0,0.0,0.0,0.0,0,0.0,0,0.0,0.0,0.0,0.25167431,N,0.451612903,25491880
0.0,0,0.0,0.0,0.0,0.0,0.0,,0.03600823,0.0,0.014553015,0.18597727,0.0,0.0,0.0,0.004014183,0,0.0,0.010869565,0.06547619,0.154983389,0.0,0.0,0.0,0.0,0.0,0,0.0,0,0.0,0.0,0.0,0.17463718,N,0.413978495,26072531
0.944444444,0,0.0,0.0,0.0,0.0,0.0,,0.03600823,0.0,0.014553015,0.533848888,0.0,0.0,0.0,0.0,0,0.0,0.0,0.047619048,0.145016611,0.0,0.0,0.0,0.0,0.0,0,0.0,0,0.0,0.0,0.0,0.0,N,0.010752688,33219824
0.111111111,0,0.0,0.0,0.0,0.0,0.0,,0.03600823,0.0,0.014553015,0.219722065,0.0,0.0,0.0,0.001826924,0,0.0,0.007246377,0.052380952,0.160830565,0.0,0.0,0.003377219,0.0,0.0,0,0.0,0,0.0,0.0,0.0,0.238658471,N,0.177419355,30378530
0.305555556,0,0.0,0.0,0.0,0.0,0.0,,0.03600823,0.0,0.014553015,0.385666598,0.0,0.0,0.0,0.0,0,0.0,0.0,0.047619048,0.145016611,0.0,0.0,0.0,0.0,0.0,0,0.0,0,0.0,0.0,0.0,0.448739315,N,0.139784946,31104657
0.805555556,0,0.0,0.0,0.0,0.0,0.0,,0.03600823,0.0,0.014553015,0.088720728,0.0,0.0,0.0,0.0,0,0.0,0.0,0.047619048,0.145016611,0.0,0.0,0.0,0.0,0.0,0,0.0,0,0.0,0.0,0.0,0.017252801,N,0.043010753,32524019
0.0,0,0.0,0.0,0.0,0.0,0.0,,0.03600823,0.0,0.014553015,0.136625353,0.0,0.0,0.0,0.0,0,0.0,0.003623188,0.047619048,0.15166113,0.0,0.0,0.0,0.0,0.0,0,0.0,0,0.0,0.0,0.0,0.123327539,N,0.596774194,22342270
0.222222222,0,0.0,0.0,0.0,0.0,0.0,,0.03600823,0.0,0.014553015,0.291069473,0.0,0.0,0.0,0.007448383,0,0.0,0.0,0.047619048,0.145016611,0.0,0.0,0.0,0.0,0.0,0,0.0,0,0.0,0.0,0.0,0.297090655,N,0.155913978,30695319
0.861111111,0,0.0,0.0,0.00124031,0.0,0.010989011,,0.03600823,0.0,0.014553015,0.038578174,0.0,0.0,0.0,0.011026476,0,0.0,0.007246377,0.050952381,0.149883721,0.0,0.0,0.0,0.001850165,0.0,0,0.0,0,0.0,0.0,0.0,0.154728023,N,0.032258065,32635445
0.444444444,0,0.0,0.0,0.0,0.0,0.0,,0.03600823,0.0,0.014553015,0.093369881,0.0,0.0,0.0,0.0,0,0.0,0.0,0.047619048,0.145016611,0.0,0.0,0.0,0.0,0.0,0,0.0,0,0.0,0.0,0.02586954,0.131712475,Y,0.112903226,31433869
0.222222222,0,0.0,0.0,0.0,0.0,0.0,,0.03600823,0.0,0.018711019,0.209479601,0.0,0.0,0.0,0.0,0,0.0,0.0,0.047619048,0.145016611,0.0,0.0,0.0,0.0,0.0,0,0.0,0,0.0,0.0,0.0,0.237974367,N,0.155913978,30716829
0.0,0,0.0,0.0,0.0,0.0,0.0,,0.03600823,0.0,0.014553015,0.081524974,0.0,0.0,0.0,0.0,0,0.0,0.0,0.047619048,0.145016611,0.0,0.0,0.0,0.0,0.0,0,0.0,0,0.0,0.0,0.0,0.067194997,N,0.290322581,28053164
0.0,0,0.0,0.0,0.0,0.0,0.0,,0.16872428,0.0,0.014553015,0.121359701,0.0,0.0,0.0,0.003465063,0,0.0,0.0,0.047619048,0.145016611,0.0,0.0,0.0,0.0,0.0,0,0.0,0,0.0,0.0,0.0,0.138839097,N,0.231182796,29209860
0.222222222,0,0.0,0.0,0.001627282,0.0,0.0,,0.118312757,0.0,0.021205821,0.048119788,0.0,0.0,0.0,0.006562176,0,0.0,0.003623188,0.047619048,0.150598007,0.0,0.0,0.006015723,0.00075094,0.0,0,0.0,0,0.0,0.0,0.0,0.053893839,Y,0.155913978,30717179
0.0,0,0.0,0.0,0.0,0.0,0.0,,0.03600823,0.0,0.014553015,0.046510367,0.0,0.0,0.0,0.006022677,0,0.0,0.0,0.047619048,0.145016611,0.0,0.0,0.007719705,0.0,0.0,0,0.0,0,0.0,0.0,0.0,0.085693618,N,0.322580645,27465579
0.0,0,0.01025641,0.0,0.0,0.0,0.010989011,,0.238786008,0.0,0.014553015,0.461538945,0.0,0.0,0.0,0.001440536,0,0.028005115,0.0,0.047619048,0.145016611,0.0,0.0,0.00599954,0.0,0.0,0,0.0,0,0.222222222,0.0,0.0,0.400277773,N,0.284946237,28133177
0.666666667,0,0.0,0.0,0.008300899,0.0,0.0,,0.03600823,0.0,0.031185031,0.0,0.0,0.0,0.0,0.003264655,0,0.0,0.025362319,0.06547619,0.168272425,0.0,0.0,0.011241755,0.0,0.0,0,0.0,0,0.0,0.0,0.0,0.0,N,0.069892473,32050490
0.861111111,0,0.0,0.0,0.0,0.0,0.0,,0.03600823,0.0,0.014553015,0.564654205,0.0,0.0,0.0,0.0,0,0.0,0.0,0.047619048,0.145016611,0.0,0.0,0.013603543,0.0,0.0,0,0.0,0,0.0,0.0,0.0,0.532743706,N,0.032258065,32669660
0.666666667,0,0.0,0.0,0.0,0.0,0.0,,0.03600823,0.0,0.014553015,0.186556931,0.0,0.0,0.0,0.0,0,0.0,0.0,0.047619048,0.145016611,0.0,0.0,0.0,0.0,0.0,0,0.0,0,0.0,0.0,0.0,0.259091352,Y,0.069892473,32015128
0.666666667,0,0.0,0.0,0.0,0.0,0.0,,0.03600823,0.0,0.014553015,0.176002771,0.0,0.0,0.0,0.0,0,0.0,0.0,0.047619048,0.145016611,0.0,0.0,0.0,0.0,0.0,0,0.0,0,0.0,0.0,0.0,0.27637628,N,0.069892473,32029766
0.0,0,0.0,0.0,0.0,0.0,0.0,,0.118312757,0.0,0.014553015,0.415117666,0.0,0.0,0.0,0.001469395,0,0.0,0.007246377,0.051785714,0.1489701,0.0,0.0,0.0,0.0,0.0,0,0.0,0,0.0,0.0,0.0,0.31696692,N,0.408602151,26136681
0.75,0,0.0,0.0,0.0,0.0,0.0,,0.03600823,0.0,0.014553015,0.569569229,0.0,0.002949853,0.009615385,0.0,0,0.0,0.0,0.047619048,0.145016611,0.0,0.0,0.0,0.0,0.0,0,0.0,0,0.0,0.0,0.0,0.141245576,N,0.053763441,32287613
0.805555556,0,0.0,0.0,0.0,0.0,0.0,,0.03600823,0.0,0.014553015,0.063418238,0.0,0.0,0.0,0.0,0,0.0,0.003623188,0.047619048,0.148679402,0.0,0.0,0.0,0.0,0.0,0,0.0,0,0.0,0.0,0.0,0.076205649,Y,0.043010753,32468364
0.0,0,0.0,0.0,0.0,0.0,0.0,,0.03600823,0.0,0.014553015,0.133056203,0.0,0.0,0.0,0.0,0,0.0,0.014492754,0.047619048,0.17076412,0.0,0.0,0.0,0.0,0.0,0,0.0,0,0.0,0.0,0.0,0.168153866,N,0.553763441,23416812
0.166666667,0,0.0,0.0,0.0,0.0,0.0,,0.03600823,0.0,0.018295218,0.199043373,0.0,0.0,0.0,0.013823778,0,0.0,0.025362319,0.047619048,0.167740864,0.0,0.0,0.0,0.0,0.0,0,0.0,0,0.0,0.0,0.0,0.258907258,N,0.166666667,30507310
0.527777778,0,0.0,0.0,0.001551219,0.0,0.0,,0.03600823,0.0,0.014553015,0.284265432,0.0,0.0,0.0,0.0,0,0.0,0.0,0.047619048,0.145016611,0.0,0.0,0.0,0.0,0.0,0,0.0,0,0.0,0.0,0.0,0.255228697,N,0.096774194,31634209
0.083333333,0,0.0,0.0,0.0,0.0,0.0,,0.03600823,0.0,0.014553015,0.002735015,0.0,0.0,0.0,0.008028365,0,0.0,0.018115942,0.077380952,0.161627907,0.0,0.0,0.008704391,0.0,0.0,0,0.0,0,0.0,0.0,0.0,0.017692382,N,0.182795699,30283660
0.972222222,0,0.0,0.0,0.0,0.0,0.0,,0.03600823,0.0,0.014553015,0.0,0.0,0.0,0.0,0.0,0,0.0,0.0,0.047619048,0.145016611,0.0,0.0,0.0,0.0,0.0,0,0.0,0,0.0,0.0,0.0,0.0,N,0.010752688,33292018
0.0,0,0.0,0.0,0.0,0.0,0.0,,0.03600823,0.0,0.014553015,0.079471969,0.0,0.0,0.0,0.0,0,0.0,0.007246377,0.047619048,0.151147841,0.0,0.0,0.0,0.0,0.0,0,0.0,0,0.0,0.0,0.0,0.070331731,Y,0.209677419,29724286
0.0,0,0.0,0.0,0.0,0.0,0.0,,0.03600823,0.0,0.014553015,0.114064623,0.0,0.0,0.0,0.010463729,0,0.0,0.003623188,0.047619048,0.153156146,0.0,0.0,0.0,0.006299737,0.0,0,0.0,0,0.0,0.0,0.0,0.106525538,Y,0.338709677,27224034
0.194444444,0,0.0,0.0,0.0,0.0,0.0,,0.108024691,0.0,0.014553015,0.19348472,0.0,0.0,0.0,0.0,0,0.0,0.0,0.047619048,0.145016611,0.0,0.0,0.0,0.0,0.0,0,0.0,0,0.0,0.0,0.0,0.191006738,N,0.161290323,30618614
0.0,0,0.0,0.0,0.005838345,0.0,0.0,,0.03600823,0.0,0.02037422,0.34463254,0.0,0.0,0.0,0.0,0,0.0,0.003623188,0.047619048,0.153156146,0.0,0.0,0.0,0.0,0.0,0,0.0,0,0.0,0.0,0.0,0.292781025,N,0.360215054,26930094
0.0,0,0.0,0.0,0.0,0.0,0.0,,0.03600823,0.0,0.014553015,0.0,0.0,0.0,0.0,0.0,0,0.0,0.0,0.047619048,0.145016611,0.0,0.0,0.0,0.0,0.0,0,0.0,0,0.0,0.0,0.02586954,0.467651509,N,0.241935484,29096972
0.0,0,0.0,0.0,0.0,0.0,0.0,,0.03600823,0.0,0.018711019,0.101007824,0.0,0.0,0.0,0.0,0,0.0,0.0,0.047619048,0.145016611,0.0,0.0,0.0,0.0,0.0,0,0.0,0,0.0,0.0,0.0,0.11968187,N,0.408602151,26175216
0.0,0,0.0,0.0,0.0,0.0,0.0,,0.03600823,0.0,0.014553015,0.282513422,0.0,0.0,0.0,0.0,0,0.0,0.003623188,0.047619048,0.146760797,0.0,0.0,0.0,0.0,0.0,0,0.0,0,0.0,0.0,0.0,0.209455128,N,0.344086022,27118222
0.166666667,0,0.0,0.0,0.0,0.0,0.0,,0.261316872,0.0,0.014553015,0.284129123,0.008498584,0.002949853,0.0,0.0,0,0.070716113,0.0,0.047619048,0.145016611,0.054545455,0.0,0.0,0.0,0.0,0,0.0,0,0.111111111,0.0,0.0,0.239194434,N,0.166666667,30567081
0.0,0,0.0,0.0,0.0,0.0,0.0,,0.03600823,0.0,0.014553015,0.05598499,0.0,0.0,0.0,0.001737141,0,0.0,0.025362319,0.047619048,0.18448505,0.0,0.0,0.0,0.0,0.0,0,0.0,0,0.0,0.0,0.069847758,0.165684153,N,0.64516129,21275158
0.0,0,0.0,0.0,0.0,0.0,0.0,,0.03600823,0.0,0.014553015,0.349407766,0.0,0.0,0.0,0.0,0,0.0,0.014492754,0.047619048,0.149667774,0.0,0.0,0.002934637,0.0,0.0,0,0.0,0,0.0,0.0,0.0,0.334826057,N,0.301075269,27730565
0.222222222,0,0.0,0.0,0.0,0.0,0.0,,0.03600823,0.0,0.014553015,0.075912821,0.0,0.0,0.0,0.0,0,0.0,0.0,0.047619048,0.145016611,0.0,0.0,0.0,0.0,0.0,0,0.0,0,0.0,0.0,0.0,0.050910091,N,0.150537634,30812958
0.0,0,0.0,0.0,0.001856899,0.0,0.0,,0.03600823,0.0,0.018711019,0.053463511,0.0,0.0,0.0,0.0,0,0.0,0.0,0.047619048,0.145016611,0.0,0.0,0.0,0.0,0.0,0,0.0,0,0.0,0.0,0.0,0.17821426,N,0.274193548,28404205
0.833333333,0,0.0,0.0,0.0,0.0,0.0,,0.03600823,0.0,0.014553015,0.427281014,0.0,0.0,0.0,0.0,0,0.038363171,0.003623188,0.047619048,0.146644518,0.0,0.0,0.0,0.0,0.0,0,0.0,0,0.111111111,0.0,0.0,0.48920986,Y,0.037634409,32584256
0.0,0,0.0,0.0,0.0,0.0,0.0,,0.03600823,0.0,0.014553015,0.054944996,0.0,0.002949853,0.009615385,0.0,0,0.0,0.007246377,0.047619048,0.164003322,0.0,0.0,0.0,0.0,0.0,0,0.0,0,0.0,0.0,0.0,0.083865939,N,0.327956989,27352035
0.555555556,0,0.0,0.0,0.0,0.0,0.0,,0.03600823,0.0,0.018295218,0.302391707,0.0,0.0,0.0,0.013092688,0,0.0,0.0,0.047619048,0.145016611,0.0,0.0,0.0,0.0,0.0,0,0.0,0,0.0,0.0,0.018509656,0.265810265,N,0.091397849,31688165
0.388888889,0,0.0,0.0,0.0,0.0,0.0,,0.03600823,0.0,0.014553015,0.114878289,0.0,0.0,0.0,0.0,0,0.0,0.003623188,0.047619048,0.147923588,0.0,0.0,0.0,0.0,0.0,0,0.0,0,0.0,0.0,0.0,0.133499613,N,0.123655914,31283261
0.0,0,0.0,0.0,0.006686928,0.0,0.0,,0.03600823,0.0,0.014553015,0.383050679,0.0,0.0,0.0,0.007060793,0,0.0,0.003623188,0.053571429,0.14833887,0.0,0.0,0.0,0.0,0.0,0,0.0,0,0.0,0.0,0.0,0.381639169,Y,0.338709677,27228933
0.472222222,0,0.0,0.0,0.0,0.0,0.0,,0.03600823,0.0,0.014553015,0.047745055,0.0,0.0,0.0,0.002048576,0,0.0,0.003623188,0.047619048,0.145832226,0.0,0.0,0.0,0.0,0.0,0,0.0,0,0.0,0.0,0.0,0.086024069,N,0.107526882,31504014
0.0,0,0.0,0.0,0.0,0.0,0.0,,0.03600823,0.0,0.014553015,0.062214255,0.0,0.0,0.0,0.004927244,0,0.0,0.0,0.047619048,0.145016611,0.0,0.0,0.0,0.0,0.0,0,0.0,0,0.0,0.0,0.0,0.172819955,Y,0.26344086,28600474
0.0,0,0.0,0.0,0.001652478,0.0,0.010989011,,0.097335391,0.0,0.021205821,0.058663481,0.0,0.002949853,0.0,0.011270574,0,0.0,0.025362319,0.054285714,0.177906977,0.0,0.0,0.013923141,0.0,0.0,0,0.0,0,0.0,0.0,0.018056939,0.091244989,N,0.462365591,25338092
0.055555556,0,0.0,0.0,0.002486324,0.0,0.0,,0.128600823,0.001587302,0.017463617,0.039961964,0.0,0.0,0.0,0.001792053,0,0.0,0.014492754,0.049702381,0.15141196,0.0,0.0,0.0,0.0,0.0,0,0.0,0,0.0,0.0,0.0,0.040561318,Y,0.188172043,30129219
0.972222222,0,0.0,0.0,0.0,0.0,0.0,,0.090360082,0.0,0.014553015,0.0,0.0,0.0,0.0,0.0,0,0.0,0.0,0.047619048,0.145016611,0.0,0.0,0.0,0.0,0.0,0,0.0,0,0.0,0.0,0.0,0.0,N,0.010752688,33223395
0.0,0,0.0,0.0,0.009624403,0.0,0.0,,0.03600823,0.0,0.027027027,0.267825338,0.0,0.0,0.0,0.038684855,0,0.0,0.036231884,0.06547619,0.178239203,0.0,0.0,0.011984517,0.0,0.0,0,0.0,0,0.0,0.0,0.0,0.274231918,N,0.467741935,25159445
0.944444444,0,0.0,0.0,0.057323793,0.0,0.0,,0.03600823,0.0,0.014553015,0.190250759,0.0,0.0,0.0,0.0,0,0.0,0.003623188,0.047619048,0.150830565,0.0,0.0,0.0,0.0,0.0,0,0.0,0,0.0,0.0,0.0,0.0,N,0.016129032,33028667
0.0,0,0.0,0.0,0.0,0.0,0.0,,0.03600823,0.0,0.017879418,0.0,0.0,0.0,0.0,0.0,0,0.0,0.0,0.047619048,0.145016611,0.0,0.0,0.0,0.0,0.0,0,0.0,0,0.0,0.0,0.020695632,0.0,N,0.430107527,25843881
0.75,0,0.0,0.0,0.002016157,0.0,0.0,,0.03600823,0.0,0.017463617,0.242147417,0.0,0.0,0.0,0.0,0,0.0,0.0,0.047619048,0.145016611,0.0,0.0,0.0,0.0,0.0,0,0.0,0,0.0,0.0,0.0,0.237902718,N,0.053763441,32344660
0.0,0,0.0,0.0,0.0,0.0,0.0,,0.03600823,0.0,0.014553015,0.0,0.0,0.0,0.0,0.0,0,0.0,0.0,0.047619048,0.145016611,0.0,0.0,0.0,0.0,0.0,0,0.0,0,0.0,0.0,0.0,0.06159977,N,0.268817204,28465111
0.0,0,0.0,0.0,0.0,0.0,0.0,,0.03600823,0.0,0.014553015,0.011185228,0.0,0.0,0.0,0.0,0,0.0,0.0,0.047619048,0.145016611,0.0,0.0,0.0,0.0,0.0,0,0.0,0,0.0,0.0,0.0,0.014863406,N,0.47311828,25100123
0.444444444,0,0.0,0.0,0.0,0.0,0.0,,0.03600823,0.0,0.02037422,0.071128523,0.0,0.0,0.0,0.013543206,0,0.0,0.0,0.047619048,0.145016611,0.0,0.0,0.0,0.0,0.0,0,0.0,0,0.0,0.0,0.0,0.063971571,N,0.112903226,31475460
0.972222222,0,0.0,0.0,0.0,0.0,0.0,,0.03600823,0.0,0.014553015,0.140192177,0.0,0.0,0.0,0.0,0,0.0,0.0,0.047619048,0.145016611,0.0,0.0,0.007813562,0.0,0.0,0,0.0,0,0.0,0.333333333,0.0,0.108871842,N,0.494623656,24624165
0.055555556,0,0.0,0.0,0.0,0.0,0.0,,0.03600823,0.0,0.014553015,0.291310223,0.0,0.0,0.0,0.0,0,0.0,0.0,0.047619048,0.145016611,0.0,0.0,0.0,0.0,0.0,0,0.0,0,0.0,0.0,0.0,0.102653959,Y,0.059139785,32167761
0.027777778,0,0.0,0.0,0.0,0.0,0.0,,0.03600823,0.0,0.017172557,0.021748925,0.0,0.0,0.0,0.002480657,0,0.0,0.003623188,0.047619048,0.146481728,0.0,0.0,0.0,0.0,0.0,0,0.0,0,0.0,0.0,0.0,0.028545501,N,0.193548387,30043777
0.0,0,0.0,0.0,0.0,0.0,0.0,,0.03600823,0.0,0.014553015,0.020574483,0.0,0.0,0.0,0.0,0,0.0,0.0,0.047619048,0.145016611,0.0,0.0,0.0,0.0,0.0,0,0.0,0,0.0,0.0,0.0,0.013710143,N,0.666666667,18994548
0.0,0,0.0,0.0,0.001188491,0.0,0.0,,0.03600823,0.0,0.014553015,0.04245902,0.0,0.0,0.0,0.0,0,0.0,0.0,0.047619048,0.145016611,0.0,0.0,0.0,0.0,0.0,0,0.0,0,0.0,0.0,0.0,0.055215897,N,0.731182796,13666454
0.194444444,0,0.0,0.0,0.000103161,0.0,0.0,,0.03600823,0.0,0.014553015,0.090919347,0.0,0.002949853,0.009615385,0.000867769,0,0.0,0.007246377,0.047619048,0.148398671,0.0,0.0,0.00098954,0.0,0.0,0,0.0,0,0.0,0.0,0.0,0.04217762,N,0.161290323,30631848
0.305555556,0,0.0,0.0,0.0,0.0,0.010989011,,0.169753086,0.0,0.014553015,0.223543363,0.0,0.005899705,0.0,0.011153535,0,0.0,0.018115942,0.05952381,0.161627907,0.0,0.0,0.0,0.0,0.0,0,0.0,0,0.0,0.0,0.0,0.168569734,N,0.139784946,31069607
0.0,0,0.0,0.0,0.00182172,0.0,0.0,,0.03600823,0.0,0.017879418,0.193773155,0.0,0.0,0.0,0.011650949,0,0.0,0.007246377,0.052380952,0.149667774,0.0,0.0,0.0,0.0,0.0,0,0.0,0,0.0,0.0,0.0,0.279509444,N,0.537634409,23778463
0.0,0,0.0,0.0,0.0,0.0,0.0,,0.128600823,0.0,0.014553015,0.358108034,0.0,0.0,0.0,0.00144214,0,0.0,0.003623188,0.051369048,0.147109635,0.0,0.0,0.0,0.0,0.0,0,0.0,0,0.0,0.0,0.0,0.507643207,N,0.521505376,24089886
0.0,0,0.0,0.0,0.0,0.0,0.0,,0.03600823,0.0,0.014553015,0.0765725,0.0,0.0,0.0,0.002439372,0,0.0,0.007246377,0.047619048,0.173089701,0.0,0.0,0.006402477,0.0,0.0,0,0.0,0,0.0,0.0,0.0,0.079206734,Y,0.112903226,31480928
0.694444444,0,0.0,0.0,0.0,0.0,0.0,,0.03600823,0.0,0.014553015,0.165433956,0.0,0.002949853,0.009615385,0.013747222,0,0.0,0.065217391,0.047619048,0.188689369,0.0,0.007575758,0.0,0.0,0.036697248,0,0.019607843,0,0.0,0.0,0.0,0.173570864,N,0.064516129,32153839
0.472222222,0,0.0,0.0,0.0,0.0,0.0,,0.03600823,0.0,0.014553015,0.0,0.0,0.0,0.0,0.0,0,0.0,0.0,0.047619048,0.145016611,0.0,0.0,0.0,0.0,0.0,0,0.0,0,0.0,0.0,0.0,0.320348432,N,0.107526882,31526598
0.0,0,0.0,0.0,0.0,0.0,0.0,,0.03600823,0.0,0.031185031,0.027271989,0.0,0.0,0.0,0.008509746,0,0.0,0.097826087,0.047619048,0.232059801,0.0,0.0,0.0,0.0,0.0,0,0.0,0,0.0,0.0,0.413912639,0.027535535,N,0.209677419,29776175
0.0,0,0.0,0.0,0.0,0.0,0.0,,0.03600823,0.0,0.014553015,0.457145894,0.0,0.0,0.0,0.0,0,0.0,0.0,0.047619048,0.145016611,0.0,0.0,0.004013179,0.0,0.0,0,0.0,0,0.0,0.0,0.0,0.50136617,N,0.241935484,28995584
0.388888889,0,0.0,0.0,0.0,0.0,0.0,,0.169753086,0.0,0.014553015,0.0,0.0,0.0,0.0,0.0,0,0.0,0.0,0.047619048,0.145016611,0.0,0.0,0.0,0.0,0.0,0,0.0,0,0.0,0.0,0.0,0.0,N,0.123655914,31325530
0.0,0,0.0,0.0,0.0,0.0,0.0,,0.16872428,0.0,0.021621622,0.263796553,0.0,0.0,0.0,0.003402937,0,0.0,0.028985507,0.047619048,0.170182724,0.0,0.0,0.0,0.0,0.0,0,0.0,0,0.0,0.0,0.076910142,0.238455509,N,0.225806452,29346341
0.027777778,0,0.0,0.0,0.003171846,0.0,0.0,,0.03600823,0.0,0.014553015,0.125195653,0.0,0.0,0.0,0.046282342,0,0.0,0.036231884,0.053571429,0.174750831,0.0,0.0,0.000712016,0.0,0.0,0,0.0,0,0.0,0.0,0.0,0.136054743,N,0.193548387,30014225
0.083333333,0,0.0,0.0,0.01473872,0.0,0.0,,0.03600823,0.0,0.014553015,0.158014665,0.0,0.0,0.0,0.014905183,0,0.0,0.0,0.047619048,0.145016611,0.0,0.0,0.003504249,0.006639529,0.0,0,0.0,0,0.0,0.0,0.0,0.194418083,N,0.182795699,30226044
0.083333333,0,0.0,0.0,0.001886849,0.0,0.0,,0.03600823,0.0,0.018711019,0.179611929,0.0,0.0,0.0,0.0,0,0.0,0.0,0.047619048,0.145016611,0.0,0.0,0.0,0.0,0.0,0,0.0,0,0.0,0.0,0.0,0.251235239,N,0.182795699,30222113
0.0,0,0.0,0.0,0.0,0.0,0.0,,0.03600823,0.0,0.014553015,0.068711484,0.0,0.0,0.0,0.006386618,0,0.137672634,0.0,0.047619048,0.145016611,0.0,0.0,0.0,0.0,0.0,0,0.0,0,0.333333333,0.0,0.0,0.111416773,N,0.693548387,13908993
0.055555556,0,0.0,0.0,0.0,0.0,0.0,,0.03600823,0.0,0.027027027,0.175582912,0.0,0.0,0.0,0.0,0,0.0,0.0,0.047619048,0.145016611,0.0,0.0,0.001118188,0.0,0.0,0,0.0,0,0.0,0.0,0.0,0.140428117,N,0.188172043,30110431
0.0,0,0.0,0.0,0.0,0.0,0.0,,0.108024691,0.0,0.014553015,0.412360554,0.0,0.002949853,0.0,0.007993494,0,0.0,0.014492754,0.047619048,0.192358804,0.0,0.0,0.0,0.0,0.0,0,0.0,0,0.0,0.0,0.0,0.392164387,N,0.677419355,14839227
0.055555556,0,0.0,0.0,0.001824097,0.0,0.0,,0.03600823,0.0,0.018295218,0.071752845,0.0,0.0,0.0,0.00140807,0,0.0,0.003623188,0.05297619,0.148006645,0.0,0.0,0.0,0.0,0.0,0,0.0,0,0.0,0.0,0.0,0.08845171,N,0.188172043,30116834
0.166666667,0,0.0,0.0,0.010028015,0.0,0.0,,0.03600823,0.0,0.037006237,0.020468181,0.0,0.0,0.0,0.0,0,0.0,0.003623188,0.047619048,0.158305648,0.0,0.0,0.0,0.0,0.0,0,0.0,0,0.0,0.0,0.0,0.044529278,N,0.166666667,30506474
0.472222222,0,0.0,0.0,0.0,0.0,0.0,,0.03600823,0.0,0.022869023,0.014946513,0.0,0.0,0.0,0.0121664,0,0.0,0.0,0.047619048,0.145016611,0.0,0.0,0.0,0.0,0.0,0,0.0,0,0.0,0.0,0.0,0.009943869,N,0.107526882,31498389
0.0,0,0.0,0.0,0.0,0.0,0.0,,0.03600823,0.0,0.014553015,0.061205895,0.0,0.0,0.0,0.002097075,0,0.0,0.0,0.047619048,0.145016611,0.0,0.0,0.0,0.0,0.0,0,0.0,0,0.0,0.0,0.0,0.117494417,N,0.215053763,29584966
0.0,0,0.0,0.0,0.0,0.0,0.0,,0.03600823,0.0,0.014553015,0.251231722,0.0,0.005899705,0.038461538,0.0,0,0.0,0.003623188,0.047619048,0.146760797,0.0,0.0,0.0,0.0,0.0,0,0.0,0,0.0,0.0,0.0,0.280763933,N,0.478494624,25017899
0.0,0,0.0,0.0,0.0,0.0,0.0,,0.03600823,0.0,0.014553015,0.102021301,0.0,0.0,0.0,0.018611538,0,0.0,0.0,0.047619048,0.145016611,0.0,0.0,0.0,0.0,0.0,0,0.0,0,0.0,0.0,0.0,0.162363581,N,0.720430108,13747209
0.972222222,0,0.0,0.0,0.0,0.0,0.0,,0.03600823,0.0,0.014553015,0.0,0.0,0.0,0.0,0.0,0,0.0,0.0,0.047619048,0.145016611,0.0,0.0,0.0,0.0,0.0,0,0.0,0,0.0,0.0,0.0,0.0,Y,0.010752688,33342969
0.0,0,0.0,0.0,0.0,0.0,0.0,,0.16872428,0.0,0.014553015,0.289650094,0.0,0.0,0.0,0.0,0,0.0,0.0,0.047619048,0.145016611,0.0,0.0,0.0,0.0,0.0,0,0.0,0,0.111111111,0.0,0.0,0.273630681,N,0.370967742,26779144
0.0,0,0.0,0.0,0.0,0.0,0.0,,0.03600823,0.0,0.014553015,0.129231184,0.0,0.0,0.0,0.012317508,0,0.0,0.007246377,0.047619048,0.15166113,0.0,0.0,0.0,0.0,0.0,0,0.0,0,0.0,0.0,0.0,0.143786172,Y,0.451612903,25494158
0.0,0,0.0,0.0,0.0,0.0,0.0,,0.03600823,0.0,0.018711019,0.054647722,0.0,0.0,0.0,0.0,0,0.0,0.0,0.047619048,0.145016611,0.0,0.0,0.0,0.0,0.0,0,0.0,0,0.0,0.0,0.0,0.044484402,N,0.220430108,29510349
0.0,0,0.0,0.0,0.0,0.0,0.0,,0.03600823,0.0,0.014553015,0.386727061,0.0,0.0,0.0,0.0,0,0.0,0.0,0.047619048,0.145016611,0.0,0.0,0.000705543,0.0,0.0,0,0.0,0,0.0,0.0,0.018108678,0.389326232,N,0.575268817,22933948
0.888888889,0,0.0,0.0,0.0,0.0,0.0,,0.03600823,0.0,0.014553015,0.248828873,0.0,0.0,0.0,0.0,0,0.0,0.0,0.047619048,0.145016611,0.0,0.0,0.0,0.0,0.0,0,0.0,0,0.0,0.0,0.0,0.23083933,N,0.02688172,32780360
0.944444444,0,0.0,0.006578947,0.005545026,0.0,0.098901099,,0.03600823,0.0,0.014553015,0.144758521,0.0,0.076696165,0.009615385,0.003067052,0,0.225473146,0.0,0.047619048,0.145016611,0.0,0.0,0.0,0.0,0.0,0,0.0,0,0.0,0.0,0.0,0.173380905,N,0.204301075,29778846
0.0,0,0.0,0.0,0.002016632,0.0,0.0,,0.03600823,0.0,0.017463617,0.248548114,0.0,0.0,0.0,0.00545993,0,0.0,0.007246377,0.051785714,0.149667774,0.0,0.0,0.0,0.00681622,0.0,0,0.0,0,0.0,0.0,0.0,0.229364795,N,0.435483871,25782179
0.055555556,0,0.0,0.0,0.0,0.0,0.0,,0.085781893,0.0,0.014553015,0.574888528,0.0,0.0,0.0,0.0,0,0.0,0.003623188,0.047619048,0.153322259,0.0,0.0,0.0,0.0,0.0,0,0.0,0,0.0,0.0,0.0,0.600462682,Y,0.188172043,30194827
0.0,0,0.0,0.0,0.0,0.0,0.0,,0.03600823,0.0,0.014553015,0.189266359,0.0,0.0,0.0,0.0,0,0.0,0.0,0.047619048,0.145016611,0.0,0.0,0.002871526,0.0,0.0,0,0.0,0,0.0,0.0,0.0,0.175446733,Y,0.38172043,26523431
0.222222222,0,0.0,0.0,0.001014972,0.0,0.0,,0.03600823,0.0,0.018711019,0.599543203,0.0,0.0,0.0,0.000862959,0,0.0,0.007246377,0.053571429,0.150830565,0.0,0.0,0.005557767,0.0,0.0,0,0.0,0,0.0,0.0,0.0,0.637586393,N,0.413978495,26093946
0.0,0,0.0,0.0,0.0,0.0,0.0,,0.159465021,0.0,0.014553015,0.336619398,0.0,0.0,0.0,0.0,0,0.0,0.0,0.047619048,0.145016611,0.0,0.0,0.0,0.0,0.0,0,0.0,0,0.0,0.0,0.0,0.343373669,N,0.451612903,25477659
0.555555556,0,0.0,0.0,0.0,0.0,0.0,,0.03600823,0.0,0.014553015,0.05753905,0.0,0.0,0.0,0.0,0,0.0,0.0,0.047619048,0.145016611,0.0,0.0,0.0,0.0,0.0,0,0.0,0,0.0,0.0,0.0,0.063369059,N,0.091397849,31764217
0.0,0,0.0,0.0,0.0,0.0,0.0,,0.03600823,0.0,0.014553015,0.199093151,0.0,0.0,0.0,0.0,0,0.0,0.0,0.047619048,0.145016611,0.0,0.0,0.0,0.0,0.0,0,0.0,0,0.0,0.0,0.0,0.210621141,N,0.241935484,29007656
0.0,0,0.0,0.0,0.0,0.0,0.0,,0.16872428,0.0,0.014553015,0.027902824,0.0,0.0,0.0,0.000831295,0,0.0,0.010869565,0.047619048,0.164137874,0.0,0.0,0.0,0.0,0.0,0,0.0,0,0.0,0.0,0.0,0.071580101,N,0.295698925,27832699
0.0,0,0.0,0.0,0.0,0.0,0.0,,0.03600823,0.0,0.014553015,0.067582168,0.0,0.0,0.0,0.00566154,0,0.0,0.003623188,0.047619048,0.147109635,0.0,0.0,0.0,0.0,0.0,0,0.0,0,0.0,0.0,0.0,0.085431756,N,0.295698925,27845965
0.0,0,0.0,0.0,0.0,0.0,0.0,,0.03600823,0.0,0.014553015,0.026650458,0.0,0.0,0.0,0.054809323,0,0.0,0.0,0.047619048,0.145016611,0.0,0.0,0.0,0.005426472,0.0,0,0.0,0,0.0,0.0,0.0,0.045319709,N,0.553763441,23421014
0.0,0,0.0,0.0,0.0,0.0,0.0,,0.03600823,0.0,0.014553015,0.025987058,0.0,0.0,0.0,0.0,0,0.0,0.018115942,0.047619048,0.160051495,0.0,0.0,0.0,0.0,0.0,0,0.0,0,0.0,0.0,0.0,0.048901888,N,0.478494624,24961399
0.833333333,0,0.0,0.0,0.0,0.0,0.0,,0.193415638,0.0,0.014553015,0.002883186,0.016997167,0.020648968,0.019230769,0.0,0,0.02173913,0.0,0.047619048,0.145016611,0.0,0.0,0.0,0.0,0.0,0,0.0,0,0.222222222,0.0,0.0,0.000299599,Y,0.037634409,32526220
0.0,0,0.0,0.0,0.0,0.0,0.0,,0.271604938,0.0,0.014553015,0.116197181,0.0,0.0,0.0,0.0,0,0.0,0.007246377,0.047619048,0.147621262,0.0,0.0,0.0,0.0,0.0,0,0.0,0,0.0,0.0,0.0,0.153324117,N,0.521505376,24095117
